bullet_x,bullet_y,bullet_z,package_x,package_y,package_z,time
0.000000,0.000000,1.500000,0.400000,0.060000,0.000000,0.000000
0.000000,0.000000,1.500000,0.400000,0.155000,0.000000,0.000000
0.000000,0.000000,1.500000,0.400000,0.206000,0.000000,0.000000
0.000000,0.000000,1.500000,0.400000,0.237000,0.000000,0.000000
0.000000,0.000000,1.500000,0.400000,0.268000,0.000000,0.000000
0.000000,0.000000,1.500000,0.400000,0.299000,0.000000,0.000000
0.000000,0.000000,1.500000,0.400000,0.328000,0.000000,0.000000
0.000000,0.000000,1.500000,0.400000,0.356000,0.000000,0.000000
0.000000,0.000000,1.500000,0.400000,0.391000,0.000000,0.000000
0.000000,0.000000,1.500000,0.400000,0.421000,0.000000,0.000000
0.000000,0.000000,1.500000,0.400000,0.486000,0.000000,0.000000
0.000000,0.000000,1.500000,0.400000,0.606000,0.000000,0.000000
0.000000,0.000000,1.500000,0.400000,0.689000,0.000000,0.000000
0.000000,0.000000,1.500000,0.400000,0.748000,0.000000,0.000000
0.000000,0.000000,1.500000,0.400000,0.844000,0.000000,0.000000
0.000000,0.000000,1.500000,0.400000,0.904000,0.000000,0.000000
0.000000,0.000000,1.500000,0.400000,0.974000,0.000000,0.000000
0.000000,0.000000,1.500000,0.400000,1.027000,0.000000,0.000000
0.000000,0.000000,1.500000,0.400000,1.065000,0.000000,0.000000
0.000000,0.000000,1.500000,0.400000,1.094000,0.000000,0.000000
0.000000,0.000000,1.500000,0.400000,1.127000,0.000000,0.000000
0.000000,0.000000,1.500000,0.400000,1.159000,0.000000,0.000000
0.000000,0.000000,1.500000,0.400000,1.193000,0.000000,0.000000
0.000000,0.000000,1.500000,0.400000,1.226000,0.000000,0.000000
0.000000,0.000000,1.500000,0.400000,1.256000,0.000000,0.000000
0.000000,0.000000,1.500000,0.400000,1.285000,0.000000,0.000000
0.000000,0.000000,1.500000,0.400000,1.317000,0.000000,0.000000
0.000000,0.000000,1.500000,0.400000,1.348000,0.000000,0.000000
0.000000,0.000000,1.500000,0.400000,1.382000,0.000000,0.000000
0.000000,0.000000,1.500000,0.400000,1.412000,0.000000,0.000000
0.000000,0.000000,1.500000,0.400000,1.442000,0.000000,0.000000
0.000000,0.000000,1.500000,0.400000,1.472000,0.000000,0.000000
0.000000,0.000000,1.500000,0.400000,1.501000,0.000000,0.000000
0.000000,0.000000,1.500000,0.400000,1.530000,0.000000,0.000000
0.000000,0.000000,1.500000,0.400000,1.559000,0.000000,0.000000
0.000000,0.000000,1.500000,0.400000,1.589000,0.000000,0.000000
0.000000,0.000000,1.500000,0.400000,1.618000,0.000000,0.000000
0.000000,0.000000,1.500000,0.400000,1.646000,0.000000,0.000000
0.000000,0.000000,1.500000,0.400000,1.675000,0.000000,0.000000
0.000000,0.000000,1.500000,0.400000,1.704000,0.000000,0.000000
0.000000,0.000000,1.500000,0.400000,1.736000,0.000000,0.000000
0.000000,0.000000,1.500000,0.400000,1.767000,0.000000,0.000000
0.000000,0.000000,1.500000,0.400000,1.799000,0.000000,0.000000
0.000000,0.000000,1.500000,0.400000,1.828000,0.000000,0.000000
0.000000,0.000000,1.500000,0.400000,1.857000,0.000000,0.000000
0.000000,0.000000,1.500000,0.400000,1.886000,0.000000,0.000000
0.000000,0.000000,1.500000,0.400000,1.915000,0.000000,0.000000
0.000000,0.000000,1.500000,0.400000,1.945000,0.000000,0.000000
0.000000,0.000000,1.500000,0.400000,1.977000,0.000000,0.000000
0.000000,0.000000,1.500000,0.400000,2.008000,0.000000,0.000000
0.000000,0.000000,1.500000,0.400000,2.038000,0.000000,0.000000
0.000000,0.000000,1.500000,0.400000,2.068000,0.000000,0.000000
0.000000,0.000000,1.500000,0.400000,2.097000,0.000000,0.000000
0.000000,0.000000,1.500000,0.400000,2.128000,0.000000,0.000000
0.000000,0.000000,1.500000,0.400000,2.160000,0.000000,0.000000
0.000000,0.000000,1.500000,0.400000,2.191000,0.000000,0.000000
0.000000,0.000000,1.500000,0.400000,2.221000,0.000000,0.000000
0.000000,0.000000,1.500000,0.400000,2.249000,0.000000,0.000000
0.000000,0.000000,1.500000,0.400000,2.277000,0.000000,0.000000
0.000000,0.000000,1.500000,0.400000,2.312000,0.000000,0.000000
0.000000,0.000000,1.500000,0.400000,2.343000,0.000000,0.000000
0.000000,0.000000,1.500000,0.400000,2.374000,0.000000,0.000000
0.000000,0.000000,1.500000,0.400000,2.404000,0.000000,0.000000
0.000000,0.000000,1.500000,0.400000,2.432000,0.000000,0.000000
0.000000,0.000000,1.500000,0.400000,2.460000,0.000000,0.000000
0.000000,0.000000,1.500000,0.400000,2.489000,0.000000,0.000000
0.000000,0.000000,1.500000,0.400000,2.518000,0.000000,0.000000
0.000000,0.000000,1.500000,0.400000,2.547000,0.000000,0.000000
0.000000,0.000000,1.500000,0.400000,2.579000,0.000000,0.000000
0.000000,0.000000,1.500000,0.400000,2.609000,0.000000,0.000000
0.000000,0.000000,1.500000,0.400000,2.640000,0.000000,0.000000
0.000000,0.000000,1.500000,0.400000,2.671000,0.000000,0.000000
0.000000,0.000000,1.500000,0.400000,2.699000,0.000000,0.000000
0.000000,0.000000,1.500000,0.400000,2.728000,0.000000,0.000000
0.000000,0.000000,1.500000,0.400000,2.757000,0.000000,0.000000
0.000000,0.000000,1.500000,0.400000,2.786000,0.000000,0.000000
0.000000,0.000000,1.500000,0.400000,2.815000,0.000000,0.000000
0.000000,0.000000,1.500000,0.400000,2.843000,0.000000,0.000000
0.000000,0.000000,1.500000,0.400000,2.873000,0.000000,0.000000
0.000000,0.000000,1.500000,0.400000,2.904000,0.000000,0.000000
0.000000,0.000000,1.500000,0.400000,2.933000,0.000000,0.000000
0.000000,0.000000,1.500000,0.400000,2.962000,0.000000,0.000000
0.000000,0.000000,1.500000,0.400000,2.992000,0.000000,0.000000
0.000000,0.000000,1.500000,0.400000,3.022000,0.000000,0.000000
0.000000,0.000000,1.500000,0.400000,3.050000,0.000000,0.000000
0.000000,0.000000,1.500000,0.400000,3.081000,0.000000,0.000000
0.000000,0.000000,1.500000,0.400000,3.139000,0.000000,0.000000
0.000000,0.000000,1.500000,0.400000,3.172000,0.000000,0.000000
0.000000,0.000000,1.500000,0.400000,3.209000,0.000000,0.000000
0.000000,0.000000,1.500000,0.400000,3.244000,0.000000,0.000000
0.000000,0.000000,1.500000,0.400000,3.279000,0.000000,0.000000
0.000000,0.000000,1.500000,0.400000,3.311000,0.000000,0.000000
0.000000,0.000000,1.500000,0.400000,3.343000,0.000000,0.000000
0.000000,0.000000,1.500000,0.400000,3.374000,0.000000,0.000000
0.000000,0.000000,1.500000,0.400000,3.405000,0.000000,0.000000
0.000000,0.000000,1.500000,0.400000,3.438000,0.000000,0.000000
0.000000,0.000000,1.500000,0.400000,3.472000,0.000000,0.000000
0.000000,0.000000,1.500000,0.400000,3.505000,0.000000,0.000000
0.000000,0.000000,1.500000,0.400000,3.538000,0.000000,0.000000
0.000000,0.000000,1.500000,0.400000,3.571000,0.000000,0.000000
0.000000,0.000000,1.500000,0.400000,3.609000,0.000000,0.000000
0.000000,0.000000,1.500000,0.400000,3.646000,0.000000,0.000000
0.000000,0.000000,1.500000,0.400000,3.685000,0.000000,0.000000
0.000000,0.000000,1.500000,0.400000,3.719000,0.000000,0.000000
0.000000,0.000000,1.500000,0.400000,3.754000,0.000000,0.000000
0.000000,0.000000,1.500000,0.400000,3.786000,0.000000,0.000000
0.000000,0.000000,1.500000,0.400000,3.816000,0.000000,0.000000
0.000000,0.000000,1.500000,0.400000,3.847000,0.000000,0.000000
0.000000,0.000000,1.500000,0.400000,3.878000,0.000000,0.000000
0.000000,0.000000,1.500000,0.400000,3.911000,0.000000,0.000000
0.000000,0.000000,1.500000,0.400000,3.942000,0.000000,0.000000
0.000000,0.000000,1.500000,0.400000,3.975000,0.000000,0.000000
0.000000,0.000000,1.500000,0.400000,4.012000,0.000000,0.000000
0.000000,0.000000,1.500000,0.400000,4.049000,0.000000,0.000000
0.000000,0.000000,1.500000,0.400000,4.084000,0.000000,0.000000
0.000000,0.000000,1.500000,0.400000,4.120000,0.000000,0.000000
0.000000,0.000000,1.500000,0.400000,4.156000,0.000000,0.000000
0.000000,0.000000,1.500000,0.400000,4.190000,0.000000,0.000000
0.000000,0.000000,1.500000,0.400000,4.225000,0.000000,0.000000
0.000000,0.000000,1.500000,0.400000,4.259000,0.000000,0.000000
0.000000,0.000000,1.500000,0.400000,4.294000,0.000000,0.000000
0.000000,0.000000,1.500000,0.400000,4.332000,0.000000,0.000000
0.000000,0.000000,1.500000,0.400000,4.365000,0.000000,0.000000
0.000000,0.000000,1.500000,0.400000,4.400000,0.000000,0.000000
0.000000,0.000000,1.500000,0.400000,4.433000,0.000000,0.000000
0.000000,0.000000,1.500000,0.400000,4.466000,0.000000,0.000000
0.000000,0.000000,1.500000,0.400000,4.498000,0.000000,0.000000
0.000000,0.000000,1.500000,0.400000,4.535000,0.000000,0.000000
0.000000,0.000000,1.500000,0.400000,4.570000,0.000000,0.000000
0.000000,0.000000,1.500000,0.400000,4.605000,0.000000,0.000000
0.000000,0.000000,1.500000,0.400000,4.638000,0.000000,0.000000
0.000000,0.000000,1.500000,0.400000,4.671000,0.000000,0.000000
0.000000,0.000000,1.500000,0.400000,4.705000,0.000000,0.000000
0.000000,0.000000,1.500000,0.400000,4.737000,0.000000,0.000000
0.000000,0.000000,1.500000,0.400000,4.770000,0.000000,0.000000
0.000000,0.000000,1.500000,0.400000,4.806000,0.000000,0.000000
0.000000,0.000000,1.500000,0.400000,4.840000,0.000000,0.000000
0.000000,0.000000,1.500000,0.400000,4.872000,0.000000,0.000000
0.000000,0.000000,1.500000,0.400000,4.907000,0.000000,0.000000
0.000000,0.000000,1.500000,0.400000,4.939000,0.000000,0.000000
0.000000,0.000000,1.500000,0.400000,4.982000,0.000000,0.000000
0.000000,0.000000,1.500000,0.400000,5.016000,0.000000,0.000000
0.000000,0.000000,1.500000,0.400000,5.050000,0.000000,0.000000
0.000000,0.000000,1.500000,0.400000,5.083000,0.000000,0.000000
0.000000,0.000000,1.500000,0.400000,5.117000,0.000000,0.000000
0.000000,0.000000,1.500000,0.400000,5.191000,0.000000,0.000000
0.000000,0.000000,1.500000,0.400000,5.292000,0.000000,0.000000
0.000000,0.000000,1.500000,0.400000,5.479000,0.000000,0.000000
0.000000,0.000000,1.500000,0.400000,5.619000,0.000000,0.000000
0.000000,0.000000,1.500000,0.400000,5.686000,0.000000,0.000000
0.000000,0.000000,1.500000,0.400000,5.818000,0.000000,0.000000
0.000000,0.000000,1.500000,0.400000,5.885000,0.000000,0.000000
0.000000,0.000000,1.500000,0.400000,6.000000,0.000000,0.000000
0.000000,0.000000,1.500000,0.400000,6.034000,0.000000,0.000000
0.000000,0.000000,1.500000,0.400000,6.114000,0.000000,0.000000
0.000000,0.000000,1.500000,0.400000,6.185000,0.000000,0.000000
0.000000,0.000000,1.500000,0.400000,6.272000,0.000000,0.000000
0.000000,0.000000,1.500000,0.400000,6.332000,0.000000,0.000000
0.000000,0.000000,1.500000,0.400000,6.381000,0.000000,0.000000
0.000000,0.000000,1.500000,0.400000,6.419000,0.000000,0.000000
0.000000,0.000000,1.500000,0.400000,6.449000,0.000000,0.000000
0.000000,0.000000,1.500000,0.400000,6.479000,0.000000,0.000000
0.000000,0.000000,1.500000,0.400000,6.510000,0.000000,0.000000
0.000000,0.000000,1.500000,0.400000,6.540000,0.000000,0.000000
0.000000,0.000000,1.500000,0.400000,6.571000,0.000000,0.000000
0.000000,0.000000,1.500000,0.400000,6.601000,0.000000,0.000000
0.000000,0.000000,1.500000,0.400000,6.631000,0.000000,0.000000
0.000000,0.000000,1.500000,0.400000,6.661000,0.000000,0.000000
0.000000,0.000000,1.500000,0.400000,6.693000,0.000000,0.000000
0.000000,0.000000,1.500000,0.400000,6.722000,0.000000,0.000000
0.000000,0.000000,1.500000,0.400000,6.750000,0.000000,0.000000
0.000000,0.000000,1.500000,0.400000,6.784000,0.000000,0.000000
0.000000,0.000000,1.500000,0.400000,6.811000,0.000000,0.000000
0.000000,0.000000,1.500000,0.400000,6.840000,0.000000,0.000000
0.000000,0.000000,1.500000,0.400000,6.871000,0.000000,0.000000
0.000000,0.000000,1.500000,0.400000,6.902000,0.000000,0.000000
0.000000,0.000000,1.500000,0.400000,6.931000,0.000000,0.000000
0.000000,0.000000,1.500000,0.400000,6.959000,0.000000,0.000000
0.000000,0.000000,1.500000,0.400000,6.993000,0.000000,0.000000
0.000000,0.000000,1.500000,0.400000,7.023000,0.000000,0.000000
0.000000,0.000000,1.500000,0.400000,7.053000,0.000000,0.000000
0.000000,0.000000,1.500000,0.400000,7.083000,0.000000,0.000000
0.000000,0.000000,1.500000,0.400000,7.114000,0.000000,0.000000
0.000000,0.000000,1.500000,0.400000,7.144000,0.000000,0.000000
0.000000,0.000000,1.500000,0.400000,7.175000,0.000000,0.000000
0.000000,0.000000,1.500000,0.400000,7.207000,0.000000,0.000000
0.000000,0.000000,1.500000,0.400000,7.311000,0.000000,0.000000
0.000000,0.000000,1.500000,0.400000,7.358000,0.000000,0.000000
0.000000,0.000000,1.500000,0.400000,7.436000,0.000000,0.000000
0.000000,0.000000,1.500000,0.400000,7.477000,0.000000,0.000000
0.000000,0.000000,1.500000,0.400000,7.506000,0.000000,0.000000
0.000000,0.000000,1.500000,0.400000,7.535000,0.000000,0.000000
0.000000,0.000000,1.500000,0.400000,7.563000,0.000000,0.000000
0.000000,0.000000,1.500000,0.400000,7.592000,0.000000,0.000000
0.000000,0.000000,1.500000,0.400000,7.634000,0.000000,0.000000
0.000000,0.000000,1.500000,0.400000,7.686000,0.000000,0.000000
0.000000,0.000000,1.500000,0.400000,7.766000,0.000000,0.000000
0.000000,0.000000,1.500000,0.400000,7.845000,0.000000,0.000000
0.000000,0.000000,1.500000,0.400000,7.956000,0.000000,0.000000
0.000000,0.000000,1.500000,0.400000,8.022000,0.000000,0.000000
0.000000,0.000000,1.500000,0.400000,8.059000,0.000000,0.000000
0.000000,0.000000,1.500000,0.400000,8.104000,0.000000,0.000000
0.000000,0.000000,1.500000,0.400000,8.201000,0.000000,0.000000
0.000000,0.000000,1.500000,0.400000,8.243000,0.000000,0.000000
0.000000,0.000000,1.500000,0.400000,8.283000,0.000000,0.000000
0.000000,0.000000,1.500000,0.400000,8.315000,0.000000,0.000000
0.000000,0.000000,1.500000,0.400000,8.372000,0.000000,0.000000
0.000000,0.000000,1.500000,0.400000,8.421000,0.000000,0.000000
0.000000,0.000000,1.500000,0.400000,8.454000,0.000000,0.000000
0.000000,0.000000,1.500000,0.400000,8.487000,0.000000,0.000000
0.000000,0.000000,1.500000,0.400000,8.518000,0.000000,0.000000
0.000000,0.000000,1.500000,0.400000,8.549000,0.000000,0.000000
0.000000,0.000000,1.500000,0.400000,8.577000,0.000000,0.000000
0.000000,0.000000,1.500000,0.400000,8.609000,0.000000,0.000000
0.000000,0.000000,1.500000,0.400000,8.638000,0.000000,0.000000
0.000000,0.000000,1.500000,0.400000,8.667000,0.000000,0.000000
0.000000,0.000000,1.500000,0.400000,8.698000,0.000000,0.000000
0.000000,0.000000,1.500000,0.400000,8.726000,0.000000,0.000000
0.000000,0.000000,1.500000,0.400000,8.756000,0.000000,0.000000
0.000000,0.000000,1.500000,0.400000,8.785000,0.000000,0.000000
0.000000,0.000000,1.500000,0.400000,8.814000,0.000000,0.000000
0.000000,0.000000,1.500000,0.400000,8.846000,0.000000,0.000000
0.000000,0.000000,1.500000,0.400000,8.877000,0.000000,0.000000
0.000000,0.000000,1.500000,0.400000,8.913000,0.000000,0.000000
0.000000,0.000000,1.500000,0.400000,8.958000,0.000000,0.000000
0.000000,0.000000,1.500000,0.400000,8.999000,0.000000,0.000000
0.000000,0.000000,1.500000,0.400000,9.037000,0.000000,0.000000
0.000000,0.000000,1.500000,0.400000,9.066000,0.000000,0.000000
0.000000,0.000000,1.500000,0.400000,9.095000,0.000000,0.000000
0.000000,0.000000,1.500000,0.400000,9.126000,0.000000,0.000000
0.000000,0.000000,1.500000,0.400000,9.157000,0.000000,0.000000
0.000000,0.000000,1.500000,0.400000,9.186000,0.000000,0.000000
0.000000,0.000000,1.500000,0.400000,9.221000,0.000000,0.000000
0.000000,0.000000,1.500000,0.400000,9.281000,0.000000,0.000000
0.000000,0.000000,1.500000,0.400000,9.319000,0.000000,0.000000
0.000000,0.000000,1.500000,0.400000,9.354000,0.000000,0.000000
0.000000,0.000000,1.500000,0.400000,9.386000,0.000000,0.000000
0.000000,0.000000,1.500000,0.400000,9.417000,0.000000,0.000000
0.000000,0.000000,1.500000,0.400000,9.448000,0.000000,0.000000
0.000000,0.000000,1.500000,0.400000,9.480000,0.000000,0.000000
0.000000,0.000000,1.500000,0.400000,9.510000,0.000000,0.000000
0.000000,0.000000,1.500000,0.400000,9.541000,0.000000,0.000000
0.000000,0.000000,1.500000,0.400000,9.572000,0.000000,0.000000
0.000000,0.000000,1.500000,0.400000,9.604000,0.000000,0.000000
0.000000,0.000000,1.500000,0.400000,9.641000,0.000000,0.000000
0.000000,0.000000,1.500000,0.400000,9.675000,0.000000,0.000000
0.000000,0.000000,1.500000,0.400000,9.707000,0.000000,0.000000
0.000000,0.000000,1.500000,0.400000,9.739000,0.000000,0.000000
0.000000,0.000000,1.500000,0.400000,9.772000,0.000000,0.000000
0.000000,0.000000,1.500000,0.400000,9.804000,0.000000,0.000000
0.000000,0.000000,1.500000,0.400000,9.834000,0.000000,0.000000
0.000000,0.000000,1.500000,0.400000,9.866000,0.000000,0.000000
0.000000,0.000000,1.500000,0.400000,9.897000,0.000000,0.000000
0.000000,0.000000,1.500000,0.400000,9.930000,0.000000,0.000000
0.000000,0.000000,1.500000,0.400000,9.962000,0.000000,0.000000
0.000000,0.000000,1.500000,0.400000,9.992000,0.000000,0.000000
0.000000,0.000000,1.500000,0.400000,10.023000,0.000000,0.000000
0.000000,0.000000,1.500000,0.400000,10.053000,0.000000,0.000000
0.000000,0.000000,1.500000,0.400000,10.086000,0.000000,0.000000
0.000000,0.000000,1.500000,0.400000,10.124000,0.000000,0.000000
0.000000,0.000000,1.500000,0.400000,10.155000,0.000000,0.000000
0.000000,0.000000,1.500000,0.400000,10.190000,0.000000,0.000000
0.000000,0.000000,1.500000,0.400000,10.221000,0.000000,0.000000
0.000000,0.000000,1.500000,0.400000,10.251000,0.000000,0.000000
0.000000,0.000000,1.500000,0.400000,10.282000,0.000000,0.000000
0.000000,0.000000,1.500000,0.400000,10.315000,0.000000,0.000000
0.000000,0.000000,1.500000,0.400000,10.348000,0.000000,0.000000
0.000000,0.000000,1.500000,0.400000,10.379000,0.000000,0.000000
0.000000,0.000000,1.500000,0.400000,10.412000,0.000000,0.000000
0.000000,0.000000,1.500000,0.400000,10.443000,0.000000,0.000000
0.000000,0.000000,1.500000,0.400000,10.475000,0.000000,0.000000
0.000000,0.000000,1.500000,0.400000,10.510000,0.000000,0.000000
0.000000,0.000000,1.500000,0.400000,10.543000,0.000000,0.000000
0.000000,0.000000,1.500000,0.400000,10.574000,0.000000,0.000000
0.000000,0.000000,1.500000,0.400000,10.607000,0.000000,0.000000
0.000000,0.000000,1.500000,0.400000,10.639000,0.000000,0.000000
0.000000,0.000000,1.500000,0.400000,10.670000,0.000000,0.000000
0.000000,0.000000,1.500000,0.400000,10.705000,0.000000,0.000000
0.000000,0.000000,1.500000,0.400000,10.752000,0.000000,0.000000
0.000000,0.000000,1.500000,0.400000,10.783000,0.000000,0.000000
0.000000,0.000000,1.500000,0.400000,10.815000,0.000000,0.000000
0.000000,0.000000,1.500000,0.400000,10.846000,0.000000,0.000000
0.000000,0.000000,1.500000,0.400000,10.876000,0.000000,0.000000
0.000000,0.000000,1.500000,0.400000,10.908000,0.000000,0.000000
0.000000,0.000000,1.500000,0.400000,10.939000,0.000000,0.000000
0.000000,0.000000,1.500000,0.400000,10.971000,0.000000,0.000000
0.000000,0.000000,1.500000,0.400000,11.001000,0.000000,0.000000
0.000000,0.000000,1.500000,0.400000,11.032000,0.000000,0.000000
0.000000,0.000000,1.500000,0.400000,11.064000,0.000000,0.000000
0.000000,0.000000,1.500000,0.400000,11.094000,0.000000,0.000000
0.000000,0.000000,1.500000,0.400000,11.127000,0.000000,0.000000
0.000000,0.000000,1.500000,0.400000,11.162000,0.000000,0.000000
0.000000,0.000000,1.500000,0.400000,11.192000,0.000000,0.000000
0.000000,0.000000,1.500000,0.400000,11.222000,0.000000,0.000000
0.000000,0.000000,1.500000,0.400000,11.253000,0.000000,0.000000
0.000000,0.000000,1.500000,0.400000,11.283000,0.000000,0.000000
0.000000,0.000000,1.500000,0.400000,11.314000,0.000000,0.000000
0.000000,0.000000,1.500000,0.400000,11.345000,0.000000,0.000000
0.000000,0.000000,1.500000,0.400000,11.376000,0.000000,0.000000
0.000000,0.000000,1.500000,0.400000,11.406000,0.000000,0.000000
0.000000,0.000000,1.500000,0.400000,11.437000,0.000000,0.000000
0.000000,0.000000,1.500000,0.400000,11.468000,0.000000,0.000000
0.000000,0.000000,1.500000,0.400000,11.499000,0.000000,0.000000
0.000000,0.000000,1.500000,0.400000,11.531000,0.000000,0.000000
0.000000,0.000000,1.500000,0.400000,11.563000,0.000000,0.000000
0.000000,0.000000,1.500000,0.400000,11.594000,0.000000,0.000000
0.000000,0.000000,1.500000,0.400000,11.624000,0.000000,0.000000
0.000000,0.000000,1.500000,0.400000,11.662000,0.000000,0.000000
0.000000,0.000000,1.500000,0.400000,11.694000,0.000000,0.000000
0.000000,0.000000,1.500000,0.400000,11.725000,0.000000,0.000000
0.000000,0.000000,1.500000,0.400000,11.760000,0.000000,0.000000
0.000000,0.000000,1.500000,0.400000,11.796000,0.000000,0.000000
0.000000,0.000000,1.500000,0.400000,11.827000,0.000000,0.000000
0.000000,0.000000,1.500000,0.400000,11.858000,0.000000,0.000000
0.000000,0.000000,1.500000,0.400000,11.889000,0.000000,0.000000
0.000000,0.000000,1.500000,0.400000,11.921000,0.000000,0.000000
0.000000,0.000000,1.500000,0.400000,11.953000,0.000000,0.000000
0.000000,0.000000,1.500000,0.400000,11.986000,0.000000,0.000000
0.000000,0.000000,1.500000,0.400000,12.017000,0.000000,0.000000
0.000000,0.000000,1.500000,0.400000,12.048000,0.000000,0.000000
0.000000,0.000000,1.500000,0.400000,12.081000,0.000000,0.000000
0.000000,0.000000,1.500000,0.400000,12.111000,0.000000,0.000000
0.216434,0.052693,1.500000,0.394977,12.143000,0.000000,0.000000
0.432874,0.095342,1.500000,0.379909,12.175000,0.000000,0.000000
0.635782,0.126201,1.500000,0.356660,12.205000,0.000000,0.000000
0.886034,0.152102,1.500000,0.315826,12.242000,0.000000,0.000000
1.116001,0.164062,1.500000,0.266461,12.276000,0.000000,0.000000
1.345968,0.164681,1.500000,0.205756,12.310000,0.000000,0.000000
1.562401,0.154905,1.500000,0.138264,12.342000,0.000000,0.000000
1.819421,0.130248,1.500000,0.050000,12.380000,0.000000,0.000000
2.089966,0.088990,1.500000,0.050000,12.420000,0.000000,0.000000
2.367278,0.030410,1.500000,0.050000,12.461000,0.000000,0.000000
2.637824,-0.042632,1.500000,0.050000,12.501000,0.000000,0.000000
2.867784,-0.117058,1.500000,0.050000,12.535000,0.000000,0.000000
3.090984,-0.200141,1.500000,0.050000,12.568000,0.000000,0.000000
3.314184,-0.293907,1.500000,0.050000,12.601000,0.000000,0.000000
3.584730,-0.421885,1.500000,0.050000,12.641000,0.000000,0.000000
3.882334,-0.580793,1.500000,0.050000,12.685000,0.000000,0.000000
4.152880,-0.741733,1.500000,0.050000,12.725000,0.000000,0.000000
4.416659,-0.913760,1.500000,0.050000,12.764000,0.000000,0.000000
4.687204,-1.105699,1.500000,0.050000,12.804000,0.000000,0.000000
4.964516,-1.318729,1.500000,0.050000,12.845000,0.000000,0.000000
5.221536,-1.530895,1.500000,0.050000,12.883000,0.000000,0.000000
bullet_x,bullet_y,bullet_z,package_x,package_y,package_z,time
0.000000,0.000000,1.500000,0.400000,12.933000,0.000000,0.000000
0.000000,0.000000,1.500000,0.400000,12.968000,0.000000,0.000000
0.000000,0.000000,1.500000,0.400000,13.002000,0.000000,0.000000
0.000000,0.000000,1.500000,0.400000,13.033000,0.000000,0.000000
0.000000,0.000000,1.500000,0.400000,13.064000,0.000000,0.000000
0.000000,0.000000,1.500000,0.400000,13.100000,0.000000,0.000000
0.000000,0.000000,1.500000,0.400000,13.140000,0.000000,0.000000
0.223200,0.054179,1.500000,0.394658,13.173000,0.000000,0.000000
0.473453,0.102220,1.500000,0.375966,13.210000,0.000000,0.000000
0.696653,0.133737,1.500000,0.347963,13.243000,0.000000,0.000000
0.933380,0.155491,1.500000,0.306590,13.278000,0.000000,0.000000
1.156580,0.164995,1.500000,0.256574,13.311000,0.000000,0.000000
1.406833,0.162947,1.500000,0.187792,13.348000,0.000000,0.000000
1.657092,0.147469,1.500000,0.105578,13.385000,0.000000,0.000000
1.920871,0.116616,1.500000,0.050000,13.424000,0.000000,0.000000
2.198183,0.068092,1.500000,0.050000,13.465000,0.000000,0.000000
2.475488,0.003079,1.500000,0.050000,13.506000,0.000000,0.000000
2.705455,-0.063344,1.500000,0.050000,13.540000,0.000000,0.000000
2.921889,-0.136217,1.500000,0.050000,13.572000,0.000000,0.000000
3.158622,-0.227428,1.500000,0.050000,13.607000,0.000000,0.000000
3.469746,-0.365576,1.500000,0.050000,13.653000,0.000000,0.000000
3.794404,-0.531865,1.500000,0.050000,13.701000,0.000000,0.000000
4.037897,-0.671414,1.500000,0.050000,13.737000,0.000000,0.000000
4.261096,-0.810503,1.500000,0.050000,13.770000,0.000000,0.000000
4.484297,-0.960274,1.500000,0.050000,13.803000,0.000000,0.000000
4.721024,-1.130796,1.500000,0.050000,13.838000,0.000000,0.000000
bullet_x,bullet_y,bullet_z,package_x,package_y,package_z,time
0.000000,0.000000,1.500000,0.400000,13.879000,0.000000,0.000000
0.000000,0.000000,1.500000,0.400000,13.918000,0.000000,0.000000
0.000000,0.000000,1.500000,0.400000,13.954000,0.000000,0.000000
0.000000,0.000000,1.500000,0.400000,13.988000,0.000000,0.000000
0.000000,0.000000,1.500000,0.400000,14.021000,0.000000,0.000000
0.000000,0.000000,1.500000,0.400000,14.056000,0.000000,0.000000
0.270546,0.064297,1.500000,0.392152,14.096000,0.000000,0.000000
0.480219,0.103332,1.500000,0.375274,14.127000,0.000000,0.000000
0.689893,0.132940,1.500000,0.348968,14.158000,0.000000,0.000000
0.906327,0.153613,1.500000,0.311926,14.190000,0.000000,0.000000
1.122767,0.164242,1.500000,0.264837,14.222000,0.000000,0.000000
1.332441,0.164959,1.500000,0.209641,14.253000,0.000000,0.000000
1.575928,0.153960,1.500000,0.133713,14.289000,0.000000,0.000000
1.799128,0.132710,1.500000,0.052942,14.322000,0.000000,0.000000
2.049387,0.096179,1.500000,0.050000,14.359000,0.000000,0.000000
2.353752,0.033650,1.500000,0.050000,14.404000,0.000000,0.000000
2.624297,-0.038608,1.500000,0.050000,14.444000,0.000000,0.000000
2.854257,-0.112366,1.500000,0.050000,14.478000,0.000000,0.000000
3.077458,-0.194802,1.500000,0.050000,14.511000,0.000000,0.000000
3.327717,-0.299936,1.500000,0.050000,14.548000,0.000000,0.000000
3.577970,-0.418496,1.500000,0.050000,14.585000,0.000000,0.000000
3.862041,-0.569354,1.500000,0.050000,14.627000,0.000000,0.000000
4.179932,-0.758689,1.500000,0.050000,14.674000,0.000000,0.000000
4.409899,-0.909165,1.500000,0.050000,14.708000,0.000000,0.000000
bullet_x,bullet_y,bullet_z,package_x,package_y,package_z,time
0.000000,0.000000,1.500000,0.400000,14.744000,0.000000,0.000000
0.000000,0.000000,1.500000,0.400000,14.778000,0.000000,0.000000
0.000000,0.000000,1.500000,0.400000,14.813000,0.000000,0.000000
0.000000,0.000000,1.500000,0.400000,14.860000,0.000000,0.000000
0.000000,0.000000,1.500000,0.400000,14.897000,0.000000,0.000000
0.236727,0.057118,1.500000,0.393991,14.932000,0.000000,0.000000
0.466687,0.101098,1.500000,0.376648,14.966000,0.000000,0.000000
0.696653,0.133737,1.500000,0.347963,15.000000,0.000000,0.000000
0.933380,0.155491,1.500000,0.306590,15.035000,0.000000,0.000000
1.143054,0.164723,1.500000,0.259909,15.066000,0.000000,0.000000
1.359488,0.164365,1.500000,0.201835,15.098000,0.000000,0.000000
1.575928,0.153960,1.500000,0.133713,15.130000,0.000000,0.000000
1.860000,0.125060,1.500000,0.050000,15.172000,0.000000,0.000000
2.137311,0.080156,1.500000,0.050000,15.213000,0.000000,0.000000
2.407857,0.020455,1.500000,0.050000,15.253000,0.000000,0.000000
2.644583,-0.044658,1.500000,0.050000,15.288000,0.000000,0.000000
2.867784,-0.117058,1.500000,0.050000,15.321000,0.000000,0.000000
3.118037,-0.210937,1.500000,0.050000,15.358000,0.000000,0.000000
3.381822,-0.324431,1.500000,0.050000,15.397000,0.000000,0.000000
3.652368,-0.456333,1.500000,0.050000,15.437000,0.000000,0.000000
bullet_x,bullet_y,bullet_z,package_x,package_y,package_z,time
0.000000,0.000000,1.500000,0.400000,15.480000,0.000000,0.000000
0.000000,0.000000,1.500000,0.400000,15.514000,0.000000,0.000000
0.000000,0.000000,1.500000,0.400000,15.547000,0.000000,0.000000
0.000000,0.000000,1.500000,0.400000,15.582000,0.000000,0.000000
0.000000,0.000000,1.500000,0.400000,15.622000,0.000000,0.000000
0.000000,0.000000,1.500000,0.400000,15.662000,0.000000,0.000000
0.000000,0.000000,1.500000,0.400000,15.693000,0.000000,0.000000
0.000000,0.000000,1.500000,0.400000,15.724000,0.000000,0.000000
0.216434,0.052693,1.500000,0.394977,15.756000,0.000000,0.000000
0.432874,0.095342,1.500000,0.379909,15.788000,0.000000,0.000000
0.662834,0.129649,1.500000,0.352893,15.822000,0.000000,0.000000
0.892801,0.152616,1.500000,0.314535,15.856000,0.000000,0.000000
1.102475,0.163672,1.500000,0.269679,15.887000,0.000000,0.000000
1.345968,0.164681,1.500000,0.205756,15.923000,0.000000,0.000000
1.575928,0.153960,1.500000,0.133713,15.957000,0.000000,0.000000
1.839713,0.127698,1.500000,0.050000,15.996000,0.000000,0.000000
2.117025,0.084000,1.500000,0.050000,16.037001,0.000000,0.000000
2.380804,0.027131,1.500000,0.050000,16.076000,0.000000,0.000000
2.644583,-0.044658,1.500000,0.050000,16.115000,0.000000,0.000000
2.901603,-0.128960,1.500000,0.050000,16.153000,0.000000,0.000000
3.138329,-0.219138,1.500000,0.050000,16.188000,0.000000,0.000000
3.408881,-0.336917,1.500000,0.050000,16.228001,0.000000,0.000000
3.672660,-0.466860,1.500000,0.050000,16.267000,0.000000,0.000000
3.943199,-0.615631,1.500000,0.050000,16.306999,0.000000,0.000000
4.159646,-0.745959,1.500000,0.050000,16.339001,0.000000,0.000000
4.376080,-0.886325,1.500000,0.050000,16.371000,0.000000,0.000000
4.606047,-1.046473,1.500000,0.050000,16.405001,0.000000,0.000000
4.822480,-1.207558,1.500000,0.050000,16.437000,0.000000,0.000000
5.126845,-1.451081,1.500000,0.050000,16.482000,0.000000,0.000000
5.397384,-1.684217,1.500000,0.050000,16.521999,0.000000,0.000000
5.688229,-1.952357,1.500000,0.050000,16.565001,0.000000,0.000000
5.924955,-2.183995,1.500000,0.050000,16.600000,0.000000,0.000000
6.181974,-2.449096,1.500000,0.050000,16.638000,0.000000,0.000000
bullet_x,bullet_y,bullet_z,package_x,package_y,package_z,time
0.000000,0.000000,1.500000,0.400000,16.673000,0.000000,0.000000
0.000000,0.000000,1.500000,0.400000,16.712000,0.000000,0.000000
0.000000,0.000000,1.500000,0.400000,16.750999,0.000000,0.000000
0.000000,0.000000,1.500000,0.400000,16.787001,0.000000,0.000000
0.000000,0.000000,1.500000,0.400000,16.818001,0.000000,0.000000
0.000000,0.000000,1.500000,0.400000,16.849001,0.000000,0.000000
0.000000,0.000000,1.500000,0.400000,16.879999,0.000000,0.000000
0.243499,0.058576,1.500000,0.393643,16.916000,0.000000,0.000000
0.466693,0.101099,1.500000,0.376647,16.948999,0.000000,0.000000
0.703420,0.134526,1.500000,0.346947,16.983999,0.000000,0.000000
0.940146,0.155936,1.500000,0.305231,17.018999,0.000000,0.000000
1.170113,0.165228,1.500000,0.253198,17.052999,0.000000,0.000000
1.393319,0.163401,1.500000,0.191849,17.086000,0.000000,0.000000
1.914118,0.117592,1.500000,0.050000,17.163000,0.000000,0.000000
2.516087,-0.007823,1.500000,0.050000,17.252001,0.000000,0.000000
3.023352,-0.173838,1.500000,0.050000,17.327000,0.000000,0.000000
3.733532,-0.498965,1.500000,0.050000,17.431999,0.000000,0.000000
4.430192,-0.922988,1.500000,0.050000,17.535000,0.000000,0.000000
4.937470,-1.297226,1.500000,0.050000,17.610001,0.000000,0.000000
5.492081,-1.769530,1.500000,0.050000,17.691999,0.000000,0.000000
6.168448,-2.434791,1.500000,0.050000,17.792000,0.000000,0.000000
7.040956,-3.437871,1.500000,0.050000,17.921000,0.000000,0.000000
7.893185,-4.575236,1.500000,0.050000,18.047001,0.000000,0.000000
8.731867,-5.846578,1.500000,0.050000,18.171000,0.000000,0.000000
9.834342,-7.747255,1.500000,0.050000,18.334000,0.000000,0.000000
10.131947,-8.305004,1.500000,0.050000,18.378000,0.000000,0.000000
10.551294,-9.123152,1.500000,0.050000,18.440001,0.000000,0.000000
10.909764,-9.852421,1.500000,0.050000,18.493000,0.000000,0.000000
11.173543,-10.406651,1.500000,0.050000,18.532000,0.000000,0.000000
11.491441,-11.094416,1.500000,0.050000,18.579000,0.000000,0.000000
11.822858,-11.834505,1.500000,0.050000,18.628000,0.000000,0.000000
12.181327,-12.661521,1.500000,0.050000,18.681000,0.000000,0.000000
12.465399,-13.336466,1.500000,0.050000,18.723000,0.000000,0.000000
12.756244,-14.045431,1.500000,0.050000,18.766001,0.000000,0.000000
13.047075,-14.772503,1.500000,0.050000,18.809000,0.000000,0.000000
13.452890,-15.817343,1.500000,0.050000,18.868999,0.000000,0.000000
13.824893,-16.806150,1.500000,0.050000,18.924000,0.000000,0.000000
14.169843,-17.749569,1.500000,0.050000,18.975000,0.000000,0.000000
14.487727,-18.641556,1.500000,0.050000,19.021999,0.000000,0.000000
14.866489,-19.732658,1.500000,0.050000,19.077999,0.000000,0.000000
15.177627,-20.651968,1.500000,0.050000,19.124001,0.000000,0.000000
15.373768,-21.242168,1.500000,0.050000,19.153000,0.000000,0.000000
15.590202,-21.903009,1.500000,0.050000,19.184999,0.000000,0.000000
15.786356,-22.510605,1.500000,0.050000,19.214001,0.000000,0.000000
15.982497,-23.126410,1.500000,0.050000,19.243000,0.000000,0.000000
16.205690,-23.837185,1.500000,0.050000,19.275999,0.000000,0.000000
16.428898,-24.558683,1.500000,0.050000,19.309000,0.000000,0.000000
16.652092,-25.290823,1.500000,0.050000,19.341999,0.000000,0.000000
16.868538,-26.011036,1.500000,0.050000,19.374001,0.000000,0.000000
17.084972,-26.741249,1.500000,0.050000,19.406000,0.000000,0.000000
17.287886,-27.434971,1.500000,0.050000,19.436001,0.000000,0.000000
17.490788,-28.137480,1.500000,0.050000,19.466000,0.000000,0.000000
17.720753,-28.944368,1.500000,0.050000,19.500000,0.000000,0.000000
17.950720,-29.762604,1.500000,0.050000,19.534000,0.000000,0.000000
18.200966,-30.665874,1.500000,0.050000,19.570999,0.000000,0.000000
18.403881,-31.408159,1.500000,0.050000,19.601000,0.000000,0.000000
18.606794,-32.159271,1.500000,0.050000,19.631001,0.000000,0.000000
18.870573,-33.148884,1.500000,0.050000,19.670000,0.000000,0.000000
19.147886,-34.205357,1.500000,0.050000,19.711000,0.000000,0.000000
19.404905,-35.199245,1.500000,0.050000,19.749001,0.000000,0.000000
19.695736,-36.340969,1.500000,0.050000,19.792000,0.000000,0.000000
19.912170,-37.202400,1.500000,0.050000,19.823999,0.000000,0.000000
20.169189,-38.238411,1.500000,0.050000,19.862000,0.000000,0.000000
20.392397,-39.149620,1.500000,0.050000,19.895000,0.000000,0.000000
20.615589,-40.071465,1.500000,0.050000,19.927999,0.000000,0.000000
20.838797,-41.004044,1.500000,0.050000,19.961000,0.000000,0.000000
21.102575,-42.119907,1.500000,0.050000,20.000000,0.000000,0.000000
21.386648,-43.338303,1.500000,0.050000,20.042000,0.000000,0.000000
21.616613,-44.337318,1.500000,0.050000,20.076000,0.000000,0.000000
21.839808,-45.317749,1.500000,0.050000,20.108999,0.000000,0.000000
22.049482,-46.248528,1.500000,0.050000,20.139999,0.000000,0.000000
22.367378,-47.677708,1.500000,0.050000,20.187000,0.000000,0.000000
22.725849,-49.315285,1.500000,0.050000,20.240000,0.000000,0.000000
23.118143,-51.138966,1.500000,0.050000,20.298000,0.000000,0.000000
23.381924,-52.383762,1.500000,0.050000,20.337000,0.000000,0.000000
23.652475,-53.676018,1.500000,0.050000,20.377001,0.000000,0.000000
23.963600,-55.181477,1.500000,0.050000,20.423000,0.000000,0.000000
24.355894,-57.109283,1.500000,0.050000,20.481001,0.000000,0.000000
24.612902,-58.390152,1.500000,0.050000,20.518999,0.000000,0.000000
24.856400,-59.616760,1.500000,0.050000,20.555000,0.000000,0.000000
25.147232,-61.098476,1.500000,0.050000,20.598000,0.000000,0.000000
25.512474,-62.984989,1.500000,0.050000,20.652000,0.000000,0.000000
25.850651,-64.757202,1.500000,0.050000,20.702000,0.000000,0.000000
26.581123,-68.668945,1.500000,0.050000,20.809999,0.000000,0.000000
26.865196,-70.221077,1.500000,0.050000,20.851999,0.000000,0.000000
27.426579,-73.339302,1.500000,0.050000,20.934999,0.000000,0.000000
27.757996,-75.211891,1.500000,0.050000,20.983999,0.000000,0.000000
28.062361,-76.952370,1.500000,0.050000,21.028999,0.000000,0.000000
28.359966,-78.673401,1.500000,0.050000,21.073000,0.000000,0.000000
28.867245,-81.650757,1.500000,0.050000,21.148001,0.000000,0.000000
29.191889,-83.585136,1.500000,0.050000,21.195999,0.000000,0.000000
29.496252,-85.419205,1.500000,0.050000,21.240999,0.000000,0.000000
29.800617,-87.273140,1.500000,0.050000,21.285999,0.000000,0.000000
30.091461,-89.063286,1.500000,0.050000,21.329000,0.000000,0.000000
30.639313,-92.484573,1.500000,0.050000,21.410000,0.000000,0.000000
30.876040,-93.982811,1.500000,0.050000,21.445000,0.000000,0.000000
31.214230,-96.144081,1.500000,0.050000,21.495001,0.000000,0.000000
31.735027,-99.520309,1.500000,0.050000,21.572001,0.000000,0.000000
32.025860,-101.431007,1.500000,0.050000,21.615000,0.000000,0.000000
32.289639,-103.179665,1.500000,0.050000,21.653999,0.000000,0.000000
32.823971,-106.767616,1.500000,0.050000,21.733000,0.000000,0.000000
33.148628,-108.977539,1.500000,0.050000,21.781000,0.000000,0.000000
33.818222,-113.606819,1.500000,0.050000,21.879999,0.000000,0.000000
34.102306,-115.599892,1.500000,0.050000,21.922001,0.000000,0.000000
34.325500,-117.177917,1.500000,0.050000,21.955000,0.000000,0.000000
34.589279,-119.056664,1.500000,0.050000,21.993999,0.000000,0.000000
34.819244,-120.706749,1.500000,0.050000,22.028000,0.000000,0.000000
35.049213,-122.368187,1.500000,0.050000,22.062000,0.000000,0.000000
35.265644,-123.942184,1.500000,0.050000,22.094000,0.000000,0.000000
35.468559,-125.427017,1.500000,0.050000,22.124001,0.000000,0.000000
35.671459,-126.920563,1.500000,0.050000,22.153999,0.000000,0.000000
35.874374,-128.423050,1.500000,0.050000,22.184000,0.000000,0.000000
36.104340,-130.136520,1.500000,0.050000,22.218000,0.000000,0.000000
36.341068,-131.912186,1.500000,0.050000,22.253000,0.000000,0.000000
36.598087,-133.853683,1.500000,0.050000,22.291000,0.000000,0.000000
36.800987,-135.396393,1.500000,0.050000,22.320999,0.000000,0.000000
37.024197,-137.103668,1.500000,0.050000,22.354000,0.000000,0.000000
37.233868,-138.717178,1.500000,0.050000,22.385000,0.000000,0.000000
37.443542,-140.340118,1.500000,0.050000,22.416000,0.000000,0.000000
37.687031,-142.236603,1.500000,0.050000,22.452000,0.000000,0.000000
37.944050,-144.252289,1.500000,0.050000,22.490000,0.000000,0.000000
38.146961,-145.853653,1.500000,0.050000,22.520000,0.000000,0.000000
38.343102,-147.409958,1.500000,0.050000,22.549000,0.000000,0.000000
38.539246,-148.974518,1.500000,0.050000,22.577999,0.000000,0.000000
38.735397,-150.547424,1.500000,0.050000,22.607000,0.000000,0.000000
38.972126,-152.456665,1.500000,0.050000,22.642000,0.000000,0.000000
39.215611,-154.432953,1.500000,0.050000,22.677999,0.000000,0.000000
39.438820,-156.255814,1.500000,0.050000,22.711000,0.000000,0.000000
39.655251,-158.033554,1.500000,0.050000,22.743000,0.000000,0.000000
39.851395,-159.653320,1.500000,0.050000,22.771999,0.000000,0.000000
40.074600,-161.506622,1.500000,0.050000,22.805000,0.000000,0.000000
40.284275,-163.257248,1.500000,0.050000,22.836000,0.000000,0.000000
40.500706,-165.074265,1.500000,0.050000,22.868000,0.000000,0.000000
40.710381,-166.844086,1.500000,0.050000,22.899000,0.000000,0.000000
40.953869,-168.911133,1.500000,0.050000,22.934999,0.000000,0.000000
41.197369,-170.991013,1.500000,0.050000,22.971001,0.000000,0.000000
41.440853,-173.083496,1.500000,0.050000,23.007000,0.000000,0.000000
41.650528,-174.895584,1.500000,0.050000,23.038000,0.000000,0.000000
41.900787,-177.070770,1.500000,0.050000,23.075001,0.000000,0.000000
42.157806,-179.318710,1.500000,0.050000,23.113001,0.000000,0.000000
42.509518,-182.417755,1.500000,0.050000,23.165001,0.000000,0.000000
42.915329,-186.026505,1.500000,0.050000,23.225000,0.000000,0.000000
43.192642,-188.512863,1.500000,0.050000,23.266001,0.000000,0.000000
43.490234,-191.199356,1.500000,0.050000,23.309999,0.000000,0.000000
43.855476,-194.522552,1.500000,0.050000,23.364000,0.000000,0.000000
44.207188,-197.749634,1.500000,0.050000,23.416000,0.000000,0.000000
44.504780,-200.500900,1.500000,0.050000,23.459999,0.000000,0.000000
44.795624,-203.208130,1.500000,0.050000,23.503000,0.000000,0.000000
45.147331,-206.506134,1.500000,0.050000,23.555000,0.000000,0.000000
45.505802,-209.894806,1.500000,0.050000,23.608000,0.000000,0.000000
45.816929,-212.858276,1.500000,0.050000,23.653999,0.000000,0.000000
46.107773,-215.647339,1.500000,0.050000,23.697001,0.000000,0.000000
46.445950,-218.913116,1.500000,0.050000,23.747000,0.000000,0.000000
46.716499,-221.543488,1.500000,0.050000,23.787001,0.000000,0.000000
47.108784,-225.385223,1.500000,0.050000,23.844999,0.000000,0.000000
47.501080,-229.260117,1.500000,0.050000,23.903000,0.000000,0.000000
47.764858,-231.884140,1.500000,0.050000,23.941999,0.000000,0.000000
48.055702,-234.794678,1.500000,0.050000,23.985001,0.000000,0.000000
48.447983,-238.749084,1.500000,0.050000,24.042999,0.000000,0.000000
48.799694,-242.322571,1.500000,0.050000,24.094999,0.000000,0.000000
